00000,0000*,000**,00***,0****,*****
23917,2391*,239**,23***,2****,*****
24148,2414*,241**,24***,2****,*****
24333,2433*,243**,24***,2****,*****
24348,2434*,243**,24***,2****,*****
27006,2700*,270**,27***,2****,*****
27007,2700*,270**,27***,2****,*****
27009,2700*,270**,27***,2****,*****
27010,2701*,270**,27***,2****,*****
27011,2701*,270**,27***,2****,*****
27012,2701*,270**,27***,2****,*****
27013,2701*,270**,27***,2****,*****
27014,2701*,270**,27***,2****,*****
27016,2701*,270**,27***,2****,*****
27017,2701*,270**,27***,2****,*****
27018,2701*,270**,27***,2****,*****
27019,2701*,270**,27***,2****,*****
27020,2702*,270**,27***,2****,*****
27021,2702*,270**,27***,2****,*****
27022,2702*,270**,27***,2****,*****
27023,2702*,270**,27***,2****,*****
27024,2702*,270**,27***,2****,*****
27025,2702*,270**,27***,2****,*****
27027,2702*,270**,27***,2****,*****
27028,2702*,270**,27***,2****,*****
27030,2703*,270**,27***,2****,*****
27040,2704*,270**,27***,2****,*****
27041,2704*,270**,27***,2****,*****
27042,2704*,270**,27***,2****,*****
27043,2704*,270**,27***,2****,*****
27045,2704*,270**,27***,2****,*****
27046,2704*,270**,27***,2****,*****
27047,2704*,270**,27***,2****,*****
27048,2704*,270**,27***,2****,*****
27050,2705*,270**,27***,2****,*****
27051,2705*,270**,27***,2****,*****
27052,2705*,270**,27***,2****,*****
27053,2705*,270**,27***,2****,*****
27054,2705*,270**,27***,2****,*****
27055,2705*,270**,27***,2****,*****
27101,2710*,271**,27***,2****,*****
27102,2710*,271**,27***,2****,*****
27103,2710*,271**,27***,2****,*****
27104,2710*,271**,27***,2****,*****
27105,2710*,271**,27***,2****,*****
27106,2710*,271**,27***,2****,*****
27107,2710*,271**,27***,2****,*****
27108,2710*,271**,27***,2****,*****
27109,2710*,271**,27***,2****,*****
27110,2711*,271**,27***,2****,*****
27113,2711*,271**,27***,2****,*****
27117,2711*,271**,27***,2****,*****
27127,2712*,271**,27***,2****,*****
27203,2720*,272**,27***,2****,*****
27205,2720*,272**,27***,2****,*****
27207,2720*,272**,27***,2****,*****
27208,2720*,272**,27***,2****,*****
27209,2720*,272**,27***,2****,*****
27212,2721*,272**,27***,2****,*****
27213,2721*,272**,27***,2****,*****
27214,2721*,272**,27***,2****,*****
27215,2721*,272**,27***,2****,*****
27217,2721*,272**,27***,2****,*****
27228,2722*,272**,27***,2****,*****
27229,2722*,272**,27***,2****,*****
27231,2723*,272**,27***,2****,*****
27233,2723*,272**,27***,2****,*****
27235,2723*,272**,27***,2****,*****
27239,2723*,272**,27***,2****,*****
27242,2724*,272**,27***,2****,*****
27243,2724*,272**,27***,2****,*****
27244,2724*,272**,27***,2****,*****
27247,2724*,272**,27***,2****,*****
27248,2724*,272**,27***,2****,*****
27249,2724*,272**,27***,2****,*****
27252,2725*,272**,27***,2****,*****
27253,2725*,272**,27***,2****,*****
27256,2725*,272**,27***,2****,*****
27258,2725*,272**,27***,2****,*****
27259,2725*,272**,27***,2****,*****
27260,2726*,272**,27***,2****,*****
27261,2726*,272**,27***,2****,*****
27262,2726*,272**,27***,2****,*****
27263,2726*,272**,27***,2****,*****
27265,2726*,272**,27***,2****,*****
27278,2727*,272**,27***,2****,*****
27281,2728*,272**,27***,2****,*****
27282,2728*,272**,27***,2****,*****
27283,2728*,272**,27***,2****,*****
27284,2728*,272**,27***,2****,*****
27288,2728*,272**,27***,2****,*****
27291,2729*,272**,27***,2****,*****
27292,2729*,272**,27***,2****,*****
27295,2729*,272**,27***,2****,*****
27298,2729*,272**,27***,2****,*****
27299,2729*,272**,27***,2****,*****
27301,2730*,273**,27***,2****,*****
27302,2730*,273**,27***,2****,*****
27305,2730*,273**,27***,2****,*****
27306,2730*,273**,27***,2****,*****
27310,2731*,273**,27***,2****,*****
27311,2731*,273**,27***,2****,*****
27312,2731*,273**,27***,2****,*****
27313,2731*,273**,27***,2****,*****
27314,2731*,273**,27***,2****,*****
27315,2731*,273**,27***,2****,*****
27316,2731*,273**,27***,2****,*****
27317,2731*,273**,27***,2****,*****
27320,2732*,273**,27***,2****,*****
27325,2732*,273**,27***,2****,*****
27326,2732*,273**,27***,2****,*****
27330,2733*,273**,27***,2****,*****
27332,2733*,273**,27***,2****,*****
27341,2734*,273**,27***,2****,*****
27343,2734*,273**,27***,2****,*****
27344,2734*,273**,27***,2****,*****
27349,2734*,273**,27***,2****,*****
27350,2735*,273**,27***,2****,*****
27355,2735*,273**,27***,2****,*****
27356,2735*,273**,27***,2****,*****
27357,2735*,273**,27***,2****,*****
27358,2735*,273**,27***,2****,*****
27360,2736*,273**,27***,2****,*****
27370,2737*,273**,27***,2****,*****
27371,2737*,273**,27***,2****,*****
27376,2737*,273**,27***,2****,*****
27377,2737*,273**,27***,2****,*****
27379,2737*,273**,27***,2****,*****
27400,2740*,274**,27***,2****,*****
27401,2740*,274**,27***,2****,*****
27402,2740*,274**,27***,2****,*****
27403,2740*,274**,27***,2****,*****
27404,2740*,274**,27***,2****,*****
27405,2740*,274**,27***,2****,*****
27406,2740*,274**,27***,2****,*****
27407,2740*,274**,27***,2****,*****
27408,2740*,274**,27***,2****,*****
27409,2740*,274**,27***,2****,*****
27410,2741*,274**,27***,2****,*****
27411,2741*,274**,27***,2****,*****
27412,2741*,274**,27***,2****,*****
27413,2741*,274**,27***,2****,*****
27455,2745*,274**,27***,2****,*****
27501,2750*,275**,27***,2****,*****
27502,2750*,275**,27***,2****,*****
27503,2750*,275**,27***,2****,*****
27504,2750*,275**,27***,2****,*****
27505,2750*,275**,27***,2****,*****
27507,2750*,275**,27***,2****,*****
27508,2750*,275**,27***,2****,*****
27509,2750*,275**,27***,2****,*****
27510,2751*,275**,27***,2****,*****
27511,2751*,275**,27***,2****,*****
27513,2751*,275**,27***,2****,*****
27514,2751*,275**,27***,2****,*****
27516,2751*,275**,27***,2****,*****
27517,2751*,275**,27***,2****,*****
27518,2751*,275**,27***,2****,*****
27519,2751*,275**,27***,2****,*****
27520,2752*,275**,27***,2****,*****
27521,2752*,275**,27***,2****,*****
27522,2752*,275**,27***,2****,*****
27523,2752*,275**,27***,2****,*****
27524,2752*,275**,27***,2****,*****
27525,2752*,275**,27***,2****,*****
27526,2752*,275**,27***,2****,*****
27527,2752*,275**,27***,2****,*****
27529,2752*,275**,27***,2****,*****
27530,2753*,275**,27***,2****,*****
27531,2753*,275**,27***,2****,*****
27534,2753*,275**,27***,2****,*****
27536,2753*,275**,27***,2****,*****
27537,2753*,275**,27***,2****,*****
27539,2753*,275**,27***,2****,*****
27540,2754*,275**,27***,2****,*****
27541,2754*,275**,27***,2****,*****
27542,2754*,275**,27***,2****,*****
27544,2754*,275**,27***,2****,*****
27545,2754*,275**,27***,2****,*****
27546,2754*,275**,27***,2****,*****
27549,2754*,275**,27***,2****,*****
27551,2755*,275**,27***,2****,*****
27553,2755*,275**,27***,2****,*****
27555,2755*,275**,27***,2****,*****
27556,2755*,275**,27***,2****,*****
27557,2755*,275**,27***,2****,*****
27559,2755*,275**,27***,2****,*****
27560,2756*,275**,27***,2****,*****
27562,2756*,275**,27***,2****,*****
27563,2756*,275**,27***,2****,*****
27565,2756*,275**,27***,2****,*****
27568,2756*,275**,27***,2****,*****
27569,2756*,275**,27***,2****,*****
27571,2757*,275**,27***,2****,*****
27572,2757*,275**,27***,2****,*****
27573,2757*,275**,27***,2****,*****
27574,2757*,275**,27***,2****,*****
27576,2757*,275**,27***,2****,*****
27577,2757*,275**,27***,2****,*****
27581,2758*,275**,27***,2****,*****
27582,2758*,275**,27***,2****,*****
27583,2758*,275**,27***,2****,*****
27586,2758*,275**,27***,2****,*****
27587,2758*,275**,27***,2****,*****
27589,2758*,275**,27***,2****,*****
27591,2759*,275**,27***,2****,*****
27592,2759*,275**,27***,2****,*****
27593,2759*,275**,27***,2****,*****
27596,2759*,275**,27***,2****,*****
27597,2759*,275**,27***,2****,*****
27599,2759*,275**,27***,2****,*****
27601,2760*,276**,27***,2****,*****
27603,2760*,276**,27***,2****,*****
27604,2760*,276**,27***,2****,*****
27605,2760*,276**,27***,2****,*****
27606,2760*,276**,27***,2****,*****
27607,2760*,276**,27***,2****,*****
27608,2760*,276**,27***,2****,*****
27609,2760*,276**,27***,2****,*****
27610,2761*,276**,27***,2****,*****
27612,2761*,276**,27***,2****,*****
27613,2761*,276**,27***,2****,*****
27614,2761*,276**,27***,2****,*****
27615,2761*,276**,27***,2****,*****
27616,2761*,276**,27***,2****,*****
27617,2761*,276**,27***,2****,*****
27699,2769*,276**,27***,2****,*****
27701,2770*,277**,27***,2****,*****
27703,2770*,277**,27***,2****,*****
27704,2770*,277**,27***,2****,*****
27705,2770*,277**,27***,2****,*****
27707,2770*,277**,27***,2****,*****
27708,2770*,277**,27***,2****,*****
27712,2771*,277**,27***,2****,*****
27713,2771*,277**,27***,2****,*****
27801,2780*,278**,27***,2****,*****
27802,2780*,278**,27***,2****,*****
27803,2780*,278**,27***,2****,*****
27804,2780*,278**,27***,2****,*****
27805,2780*,278**,27***,2****,*****
27806,2780*,278**,27***,2****,*****
27807,2780*,278**,27***,2****,*****
27808,2780*,278**,27***,2****,*****
27809,2780*,278**,27***,2****,*****
27810,2781*,278**,27***,2****,*****
27811,2781*,278**,27***,2****,*****
27812,2781*,278**,27***,2****,*****
27813,2781*,278**,27***,2****,*****
27814,2781*,278**,27***,2****,*****
27816,2781*,278**,27***,2****,*****
27817,2781*,278**,27***,2****,*****
27818,2781*,278**,27***,2****,*****
27819,2781*,278**,27***,2****,*****
27820,2782*,278**,27***,2****,*****
27821,2782*,278**,27***,2****,*****
27822,2782*,278**,27***,2****,*****
27823,2782*,278**,27***,2****,*****
27824,2782*,278**,27***,2****,*****
27825,2782*,278**,27***,2****,*****
27826,2782*,278**,27***,2****,*****
27827,2782*,278**,27***,2****,*****
27828,2782*,278**,27***,2****,*****
27829,2782*,278**,27***,2****,*****
27830,2783*,278**,27***,2****,*****
27831,2783*,278**,27***,2****,*****
27832,2783*,278**,27***,2****,*****
27833,2783*,278**,27***,2****,*****
27834,2783*,278**,27***,2****,*****
27835,2783*,278**,27***,2****,*****
27836,2783*,278**,27***,2****,*****
27837,2783*,278**,27***,2****,*****
27838,2783*,278**,27***,2****,*****
27839,2783*,278**,27***,2****,*****
27840,2784*,278**,27***,2****,*****
27841,2784*,278**,27***,2****,*****
27842,2784*,278**,27***,2****,*****
27843,2784*,278**,27***,2****,*****
27844,2784*,278**,27***,2****,*****
27845,2784*,278**,27***,2****,*****
27846,2784*,278**,27***,2****,*****
27847,2784*,278**,27***,2****,*****
27849,2784*,278**,27***,2****,*****
27850,2785*,278**,27***,2****,*****
27851,2785*,278**,27***,2****,*****
27852,2785*,278**,27***,2****,*****
27853,2785*,278**,27***,2****,*****
27854,2785*,278**,27***,2****,*****
27855,2785*,278**,27***,2****,*****
27856,2785*,278**,27***,2****,*****
27857,2785*,278**,27***,2****,*****
27858,2785*,278**,27***,2****,*****
27860,2786*,278**,27***,2****,*****
27861,2786*,278**,27***,2****,*****
27862,2786*,278**,27***,2****,*****
27863,2786*,278**,27***,2****,*****
27864,2786*,278**,27***,2****,*****
27865,2786*,278**,27***,2****,*****
27866,2786*,278**,27***,2****,*****
27867,2786*,278**,27***,2****,*****
27868,2786*,278**,27***,2****,*****
27869,2786*,278**,27***,2****,*****
27870,2787*,278**,27***,2****,*****
27871,2787*,278**,27***,2****,*****
27872,2787*,278**,27***,2****,*****
27873,2787*,278**,27***,2****,*****
27874,2787*,278**,27***,2****,*****
27875,2787*,278**,27***,2****,*****
27876,2787*,278**,27***,2****,*****
27877,2787*,278**,27***,2****,*****
27878,2787*,278**,27***,2****,*****
27879,2787*,278**,27***,2****,*****
27880,2788*,278**,27***,2****,*****
27881,2788*,278**,27***,2****,*****
27882,2788*,278**,27***,2****,*****
27883,2788*,278**,27***,2****,*****
27884,2788*,278**,27***,2****,*****
27885,2788*,278**,27***,2****,*****
27886,2788*,278**,27***,2****,*****
27887,2788*,278**,27***,2****,*****
27888,2788*,278**,27***,2****,*****
27889,2788*,278**,27***,2****,*****
27890,2789*,278**,27***,2****,*****
27891,2789*,278**,27***,2****,*****
27892,2789*,278**,27***,2****,*****
27893,2789*,278**,27***,2****,*****
27896,2789*,278**,27***,2****,*****
27897,2789*,278**,27***,2****,*****
27909,2790*,279**,27***,2****,*****
27910,2791*,279**,27***,2****,*****
27915,2791*,279**,27***,2****,*****
27916,2791*,279**,27***,2****,*****
27917,2791*,279**,27***,2****,*****
27919,2791*,279**,27***,2****,*****
27920,2792*,279**,27***,2****,*****
27921,2792*,279**,27***,2****,*****
27922,2792*,279**,27***,2****,*****
27923,2792*,279**,27***,2****,*****
27924,2792*,279**,27***,2****,*****
27925,2792*,279**,27***,2****,*****
27926,2792*,279**,27***,2****,*****
27927,2792*,279**,27***,2****,*****
27928,2792*,279**,27***,2****,*****
27929,2792*,279**,27***,2****,*****
27932,2793*,279**,27***,2****,*****
27935,2793*,279**,27***,2****,*****
27936,2793*,279**,27***,2****,*****
27937,2793*,279**,27***,2****,*****
27938,2793*,279**,27***,2****,*****
27939,2793*,279**,27***,2****,*****
27941,2794*,279**,27***,2****,*****
27942,2794*,279**,27***,2****,*****
27943,2794*,279**,27***,2****,*****
27944,2794*,279**,27***,2****,*****
27946,2794*,279**,27***,2****,*****
27947,2794*,279**,27***,2****,*****
27948,2794*,279**,27***,2****,*****
27949,2794*,279**,27***,2****,*****
27950,2795*,279**,27***,2****,*****
27953,2795*,279**,27***,2****,*****
27954,2795*,279**,27***,2****,*****
27956,2795*,279**,27***,2****,*****
27957,2795*,279**,27***,2****,*****
27958,2795*,279**,27***,2****,*****
27959,2795*,279**,27***,2****,*****
27960,2796*,279**,27***,2****,*****
27962,2796*,279**,27***,2****,*****
27964,2796*,279**,27***,2****,*****
27965,2796*,279**,27***,2****,*****
27966,2796*,279**,27***,2****,*****
27967,2796*,279**,27***,2****,*****
27968,2796*,279**,27***,2****,*****
27969,2796*,279**,27***,2****,*****
27970,2797*,279**,27***,2****,*****
27972,2797*,279**,27***,2****,*****
27973,2797*,279**,27***,2****,*****
27974,2797*,279**,27***,2****,*****
27976,2797*,279**,27***,2****,*****
27978,2797*,279**,27***,2****,*****
27979,2797*,279**,27***,2****,*****
27980,2798*,279**,27***,2****,*****
27981,2798*,279**,27***,2****,*****
27982,2798*,279**,27***,2****,*****
27983,2798*,279**,27***,2****,*****
27985,2798*,279**,27***,2****,*****
27986,2798*,279**,27***,2****,*****
28001,2800*,280**,28***,2****,*****
28006,2800*,280**,28***,2****,*****
28007,2800*,280**,28***,2****,*****
28009,2800*,280**,28***,2****,*****
28010,2801*,280**,28***,2****,*****
28012,2801*,280**,28***,2****,*****
28016,2801*,280**,28***,2****,*****
28017,2801*,280**,28***,2****,*****
28018,2801*,280**,28***,2****,*****
28019,2801*,280**,28***,2****,*****
28020,2802*,280**,28***,2****,*****
28021,2802*,280**,28***,2****,*****
28023,2802*,280**,28***,2****,*****
28024,2802*,280**,28***,2****,*****
28025,2802*,280**,28***,2****,*****
28026,2802*,280**,28***,2****,*****
28027,2802*,280**,28***,2****,*****
28031,2803*,280**,28***,2****,*****
28032,2803*,280**,28***,2****,*****
28033,2803*,280**,28***,2****,*****
28034,2803*,280**,28***,2****,*****
28035,2803*,280**,28***,2****,*****
28036,2803*,280**,28***,2****,*****
28037,2803*,280**,28***,2****,*****
28038,2803*,280**,28***,2****,*****
28039,2803*,280**,28***,2****,*****
28040,2804*,280**,28***,2****,*****
28041,2804*,280**,28***,2****,*****
28042,2804*,280**,28***,2****,*****
28043,2804*,280**,28***,2****,*****
28052,2805*,280**,28***,2****,*****
28054,2805*,280**,28***,2****,*****
28056,2805*,280**,28***,2****,*****
28071,2807*,280**,28***,2****,*****
28072,2807*,280**,28***,2****,*****
28073,2807*,280**,28***,2****,*****
28075,2807*,280**,28***,2****,*****
28076,2807*,280**,28***,2****,*****
28077,2807*,280**,28***,2****,*****
28078,2807*,280**,28***,2****,*****
28079,2807*,280**,28***,2****,*****
28080,2808*,280**,28***,2****,*****
28081,2808*,280**,28***,2****,*****
28082,2808*,280**,28***,2****,*****
28083,2808*,280**,28***,2****,*****
28086,2808*,280**,28***,2****,*****
28088,2808*,280**,28***,2****,*****
28089,2808*,280**,28***,2****,*****
28090,2809*,280**,28***,2****,*****
28091,2809*,280**,28***,2****,*****
28092,2809*,280**,28***,2****,*****
28097,2809*,280**,28***,2****,*****
28098,2809*,280**,28***,2****,*****
28101,2810*,281**,28***,2****,*****
28102,2810*,281**,28***,2****,*****
28103,2810*,281**,28***,2****,*****
28104,2810*,281**,28***,2****,*****
28105,2810*,281**,28***,2****,*****
28107,2810*,281**,28***,2****,*****
28109,2810*,281**,28***,2****,*****
28110,2811*,281**,28***,2****,*****
28112,2811*,281**,28***,2****,*****
28114,2811*,281**,28***,2****,*****
28115,2811*,281**,28***,2****,*****
28117,2811*,281**,28***,2****,*****
28119,2811*,281**,28***,2****,*****
28120,2812*,281**,28***,2****,*****
28124,2812*,281**,28***,2****,*****
28125,2812*,281**,28***,2****,*****
28127,2812*,281**,28***,2****,*****
28128,2812*,281**,28***,2****,*****
28129,2812*,281**,28***,2****,*****
28133,2813*,281**,28***,2****,*****
28134,2813*,281**,28***,2****,*****
28135,2813*,281**,28***,2****,*****
28136,2813*,281**,28***,2****,*****
28137,2813*,281**,28***,2****,*****
28138,2813*,281**,28***,2****,*****
28139,2813*,281**,28***,2****,*****
28144,2814*,281**,28***,2****,*****
28146,2814*,281**,28***,2****,*****
28147,2814*,281**,28***,2****,*****
28150,2815*,281**,28***,2****,*****
28152,2815*,281**,28***,2****,*****
28159,2815*,281**,28***,2****,*****
28160,2816*,281**,28***,2****,*****
28163,2816*,281**,28***,2****,*****
28164,2816*,281**,28***,2****,*****
28166,2816*,281**,28***,2****,*****
28167,2816*,281**,28***,2****,*****
28168,2816*,281**,28***,2****,*****
28169,2816*,281**,28***,2****,*****
28170,2817*,281**,28***,2****,*****
28173,2817*,281**,28***,2****,*****
28174,2817*,281**,28***,2****,*****
28202,2820*,282**,28***,2****,*****
28203,2820*,282**,28***,2****,*****
28204,2820*,282**,28***,2****,*****
28205,2820*,282**,28***,2****,*****
28206,2820*,282**,28***,2****,*****
28207,2820*,282**,28***,2****,*****
28208,2820*,282**,28***,2****,*****
28209,2820*,282**,28***,2****,*****
28210,2821*,282**,28***,2****,*****
28211,2821*,282**,28***,2****,*****
28212,2821*,282**,28***,2****,*****
28213,2821*,282**,28***,2****,*****
28214,2821*,282**,28***,2****,*****
28215,2821*,282**,28***,2****,*****
28216,2821*,282**,28***,2****,*****
28217,2821*,282**,28***,2****,*****
28223,2822*,282**,28***,2****,*****
28226,2822*,282**,28***,2****,*****
28227,2822*,282**,28***,2****,*****
28262,2826*,282**,28***,2****,*****
28269,2826*,282**,28***,2****,*****
28270,2827*,282**,28***,2****,*****
28273,2827*,282**,28***,2****,*****
28274,2827*,282**,28***,2****,*****
28277,2827*,282**,28***,2****,*****
28278,2827*,282**,28***,2****,*****
28301,2830*,283**,28***,2****,*****
28303,2830*,283**,28***,2****,*****
28304,2830*,283**,28***,2****,*****
28305,2830*,283**,28***,2****,*****
28306,2830*,283**,28***,2****,*****
28307,2830*,283**,28***,2****,*****
28308,2830*,283**,28***,2****,*****
28310,2831*,283**,28***,2****,*****
28311,2831*,283**,28***,2****,*****
28312,2831*,283**,28***,2****,*****
28314,2831*,283**,28***,2****,*****
28315,2831*,283**,28***,2****,*****
28318,2831*,283**,28***,2****,*****
28320,2832*,283**,28***,2****,*****
28323,2832*,283**,28***,2****,*****
28325,2832*,283**,28***,2****,*****
28326,2832*,283**,28***,2****,*****
28327,2832*,283**,28***,2****,*****
28328,2832*,283**,28***,2****,*****
28330,2833*,283**,28***,2****,*****
28332,2833*,283**,28***,2****,*****
28333,2833*,283**,28***,2****,*****
28334,2833*,283**,28***,2****,*****
28337,2833*,283**,28***,2****,*****
28338,2833*,283**,28***,2****,*****
28339,2833*,283**,28***,2****,*****
28340,2834*,283**,28***,2****,*****
28341,2834*,283**,28***,2****,*****
28342,2834*,283**,28***,2****,*****
28343,2834*,283**,28***,2****,*****
28344,2834*,283**,28***,2****,*****
28345,2834*,283**,28***,2****,*****
28347,2834*,283**,28***,2****,*****
28348,2834*,283**,28***,2****,*****
28349,2834*,283**,28***,2****,*****
28350,2835*,283**,28***,2****,*****
28351,2835*,283**,28***,2****,*****
28352,2835*,283**,28***,2****,*****
28356,2835*,283**,28***,2****,*****
28357,2835*,283**,28***,2****,*****
28358,2835*,283**,28***,2****,*****
28359,2835*,283**,28***,2****,*****
28360,2836*,283**,28***,2****,*****
28362,2836*,283**,28***,2****,*****
28363,2836*,283**,28***,2****,*****
28364,2836*,283**,28***,2****,*****
28365,2836*,283**,28***,2****,*****
28366,2836*,283**,28***,2****,*****
28367,2836*,283**,28***,2****,*****
28369,2836*,283**,28***,2****,*****
28371,2837*,283**,28***,2****,*****
28372,2837*,283**,28***,2****,*****
28373,2837*,283**,28***,2****,*****
28374,2837*,283**,28***,2****,*****
28375,2837*,283**,28***,2****,*****
28376,2837*,283**,28***,2****,*****
28377,2837*,283**,28***,2****,*****
28378,2837*,283**,28***,2****,*****
28379,2837*,283**,28***,2****,*****
28382,2838*,283**,28***,2****,*****
28383,2838*,283**,28***,2****,*****
28384,2838*,283**,28***,2****,*****
28385,2838*,283**,28***,2****,*****
28386,2838*,283**,28***,2****,*****
28387,2838*,283**,28***,2****,*****
28390,2839*,283**,28***,2****,*****
28391,2839*,283**,28***,2****,*****
28392,2839*,283**,28***,2****,*****
28393,2839*,283**,28***,2****,*****
28394,2839*,283**,28***,2****,*****
28395,2839*,283**,28***,2****,*****
28396,2839*,283**,28***,2****,*****
28398,2839*,283**,28***,2****,*****
28399,2839*,283**,28***,2****,*****
28401,2840*,284**,28***,2****,*****
28403,2840*,284**,28***,2****,*****
28405,2840*,284**,28***,2****,*****
28409,2840*,284**,28***,2****,*****
28411,2841*,284**,28***,2****,*****
28412,2841*,284**,28***,2****,*****
28420,2842*,284**,28***,2****,*****
28421,2842*,284**,28***,2****,*****
28422,2842*,284**,28***,2****,*****
28423,2842*,284**,28***,2****,*****
28424,2842*,284**,28***,2****,*****
28425,2842*,284**,28***,2****,*****
28428,2842*,284**,28***,2****,*****
28429,2842*,284**,28***,2****,*****
28430,2843*,284**,28***,2****,*****
28431,2843*,284**,28***,2****,*****
28432,2843*,284**,28***,2****,*****
28433,2843*,284**,28***,2****,*****
28434,2843*,284**,28***,2****,*****
28435,2843*,284**,28***,2****,*****
28436,2843*,284**,28***,2****,*****
28438,2843*,284**,28***,2****,*****
28439,2843*,284**,28***,2****,*****
28441,2844*,284**,28***,2****,*****
28442,2844*,284**,28***,2****,*****
28443,2844*,284**,28***,2****,*****
28444,2844*,284**,28***,2****,*****
28445,2844*,284**,28***,2****,*****
28446,2844*,284**,28***,2****,*****
28447,2844*,284**,28***,2****,*****
28448,2844*,284**,28***,2****,*****
28449,2844*,284**,28***,2****,*****
28450,2845*,284**,28***,2****,*****
28451,2845*,284**,28***,2****,*****
28452,2845*,284**,28***,2****,*****
28453,2845*,284**,28***,2****,*****
28454,2845*,284**,28***,2****,*****
28455,2845*,284**,28***,2****,*****
28456,2845*,284**,28***,2****,*****
28457,2845*,284**,28***,2****,*****
28458,2845*,284**,28***,2****,*****
28460,2846*,284**,28***,2****,*****
28461,2846*,284**,28***,2****,*****
28462,2846*,284**,28***,2****,*****
28463,2846*,284**,28***,2****,*****
28464,2846*,284**,28***,2****,*****
28465,2846*,284**,28***,2****,*****
28466,2846*,284**,28***,2****,*****
28467,2846*,284**,28***,2****,*****
28468,2846*,284**,28***,2****,*****
28469,2846*,284**,28***,2****,*****
28470,2847*,284**,28***,2****,*****
28471,2847*,284**,28***,2****,*****
28472,2847*,284**,28***,2****,*****
28478,2847*,284**,28***,2****,*****
28479,2847*,284**,28***,2****,*****
28480,2848*,284**,28***,2****,*****
28501,2850*,285**,28***,2****,*****
28504,2850*,285**,28***,2****,*****
28508,2850*,285**,28***,2****,*****
28509,2850*,285**,28***,2****,*****
28510,2851*,285**,28***,2****,*****
28511,2851*,285**,28***,2****,*****
28512,2851*,285**,28***,2****,*****
28513,2851*,285**,28***,2****,*****
28515,2851*,285**,28***,2****,*****
28516,2851*,285**,28***,2****,*****
28518,2851*,285**,28***,2****,*****
28519,2851*,285**,28***,2****,*****
28520,2852*,285**,28***,2****,*****
28521,2852*,285**,28***,2****,*****
28522,2852*,285**,28***,2****,*****
28523,2852*,285**,28***,2****,*****
28524,2852*,285**,28***,2****,*****
28525,2852*,285**,28***,2****,*****
28526,2852*,285**,28***,2****,*****
28527,2852*,285**,28***,2****,*****
28528,2852*,285**,28***,2****,*****
28529,2852*,285**,28***,2****,*****
28530,2853*,285**,28***,2****,*****
28531,2853*,285**,28***,2****,*****
28532,2853*,285**,28***,2****,*****
28533,2853*,285**,28***,2****,*****
28537,2853*,285**,28***,2****,*****
28538,2853*,285**,28***,2****,*****
28539,2853*,285**,28***,2****,*****
28540,2854*,285**,28***,2****,*****
28542,2854*,285**,28***,2****,*****
28543,2854*,285**,28***,2****,*****
28544,2854*,285**,28***,2****,*****
28546,2854*,285**,28***,2****,*****
28547,2854*,285**,28***,2****,*****
28551,2855*,285**,28***,2****,*****
28552,2855*,285**,28***,2****,*****
28553,2855*,285**,28***,2****,*****
28554,2855*,285**,28***,2****,*****
28555,2855*,285**,28***,2****,*****
28556,2855*,285**,28***,2****,*****
28557,2855*,285**,28***,2****,*****
28560,2856*,285**,28***,2****,*****
28562,2856*,285**,28***,2****,*****
28570,2857*,285**,28***,2****,*****
28571,2857*,285**,28***,2****,*****
28572,2857*,285**,28***,2****,*****
28573,2857*,285**,28***,2****,*****
28574,2857*,285**,28***,2****,*****
28575,2857*,285**,28***,2****,*****
28577,2857*,285**,28***,2****,*****
28578,2857*,285**,28***,2****,*****
28579,2857*,285**,28***,2****,*****
28580,2858*,285**,28***,2****,*****
28581,2858*,285**,28***,2****,*****
28582,2858*,285**,28***,2****,*****
28583,2858*,285**,28***,2****,*****
28584,2858*,285**,28***,2****,*****
28585,2858*,285**,28***,2****,*****
28586,2858*,285**,28***,2****,*****
28587,2858*,285**,28***,2****,*****
28589,2858*,285**,28***,2****,*****
28590,2859*,285**,28***,2****,*****
28594,2859*,285**,28***,2****,*****
28601,2860*,286**,28***,2****,*****
28602,2860*,286**,28***,2****,*****
28604,2860*,286**,28***,2****,*****
28605,2860*,286**,28***,2****,*****
28606,2860*,286**,28***,2****,*****
28607,2860*,286**,28***,2****,*****
28608,2860*,286**,28***,2****,*****
28609,2860*,286**,28***,2****,*****
28610,2861*,286**,28***,2****,*****
28611,2861*,286**,28***,2****,*****
28612,2861*,286**,28***,2****,*****
28613,2861*,286**,28***,2****,*****
28615,2861*,286**,28***,2****,*****
28616,2861*,286**,28***,2****,*****
28617,2861*,286**,28***,2****,*****
28618,2861*,286**,28***,2****,*****
28619,2861*,286**,28***,2****,*****
28621,2862*,286**,28***,2****,*****
28622,2862*,286**,28***,2****,*****
28623,2862*,286**,28***,2****,*****
28624,2862*,286**,28***,2****,*****
28625,2862*,286**,28***,2****,*****
28626,2862*,286**,28***,2****,*****
28627,2862*,286**,28***,2****,*****
28628,2862*,286**,28***,2****,*****
28629,2862*,286**,28***,2****,*****
28630,2863*,286**,28***,2****,*****
28631,2863*,286**,28***,2****,*****
28634,2863*,286**,28***,2****,*****
28635,2863*,286**,28***,2****,*****
28636,2863*,286**,28***,2****,*****
28637,2863*,286**,28***,2****,*****
28638,2863*,286**,28***,2****,*****
28640,2864*,286**,28***,2****,*****
28641,2864*,286**,28***,2****,*****
28642,2864*,286**,28***,2****,*****
28643,2864*,286**,28***,2****,*****
28644,2864*,286**,28***,2****,*****
28645,2864*,286**,28***,2****,*****
28646,2864*,286**,28***,2****,*****
28647,2864*,286**,28***,2****,*****
28649,2864*,286**,28***,2****,*****
28650,2865*,286**,28***,2****,*****
28651,2865*,286**,28***,2****,*****
28652,2865*,286**,28***,2****,*****
28653,2865*,286**,28***,2****,*****
28654,2865*,286**,28***,2****,*****
28655,2865*,286**,28***,2****,*****
28657,2865*,286**,28***,2****,*****
28658,2865*,286**,28***,2****,*****
28659,2865*,286**,28***,2****,*****
28660,2866*,286**,28***,2****,*****
28661,2866*,286**,28***,2****,*****
28662,2866*,286**,28***,2****,*****
28663,2866*,286**,28***,2****,*****
28664,2866*,286**,28***,2****,*****
28665,2866*,286**,28***,2****,*****
28666,2866*,286**,28***,2****,*****
28667,2866*,286**,28***,2****,*****
28668,2866*,286**,28***,2****,*****
28669,2866*,286**,28***,2****,*****
28670,2867*,286**,28***,2****,*****
28671,2867*,286**,28***,2****,*****
28672,2867*,286**,28***,2****,*****
28673,2867*,286**,28***,2****,*****
28675,2867*,286**,28***,2****,*****
28676,2867*,286**,28***,2****,*****
28677,2867*,286**,28***,2****,*****
28678,2867*,286**,28***,2****,*****
28679,2867*,286**,28***,2****,*****
28681,2868*,286**,28***,2****,*****
28682,2868*,286**,28***,2****,*****
28683,2868*,286**,28***,2****,*****
28684,2868*,286**,28***,2****,*****
28685,2868*,286**,28***,2****,*****
28689,2868*,286**,28***,2****,*****
28690,2869*,286**,28***,2****,*****
28692,2869*,286**,28***,2****,*****
28693,2869*,286**,28***,2****,*****
28694,2869*,286**,28***,2****,*****
28697,2869*,286**,28***,2****,*****
28698,2869*,286**,28***,2****,*****
28701,2870*,287**,28***,2****,*****
28702,2870*,287**,28***,2****,*****
28703,2870*,287**,28***,2****,*****
28704,2870*,287**,28***,2****,*****
28705,2870*,287**,28***,2****,*****
28707,2870*,287**,28***,2****,*****
28708,2870*,287**,28***,2****,*****
28709,2870*,287**,28***,2****,*****
28711,2871*,287**,28***,2****,*****
28712,2871*,287**,28***,2****,*****
28713,2871*,287**,28***,2****,*****
28714,2871*,287**,28***,2****,*****
28715,2871*,287**,28***,2****,*****
28716,2871*,287**,28***,2****,*****
28717,2871*,287**,28***,2****,*****
28718,2871*,287**,28***,2****,*****
28719,2871*,287**,28***,2****,*****
28720,2872*,287**,28***,2****,*****
28721,2872*,287**,28***,2****,*****
28722,2872*,287**,28***,2****,*****
28723,2872*,287**,28***,2****,*****
28725,2872*,287**,28***,2****,*****
28726,2872*,287**,28***,2****,*****
28728,2872*,287**,28***,2****,*****
28729,2872*,287**,28***,2****,*****
28730,2873*,287**,28***,2****,*****
28731,2873*,287**,28***,2****,*****
28732,2873*,287**,28***,2****,*****
28733,2873*,287**,28***,2****,*****
28734,2873*,287**,28***,2****,*****
28735,2873*,287**,28***,2****,*****
28736,2873*,287**,28***,2****,*****
28737,2873*,287**,28***,2****,*****
28739,2873*,287**,28***,2****,*****
28740,2874*,287**,28***,2****,*****
28741,2874*,287**,28***,2****,*****
28742,2874*,287**,28***,2****,*****
28743,2874*,287**,28***,2****,*****
28745,2874*,287**,28***,2****,*****
28746,2874*,287**,28***,2****,*****
28747,2874*,287**,28***,2****,*****
28748,2874*,287**,28***,2****,*****
28749,2874*,287**,28***,2****,*****
28750,2875*,287**,28***,2****,*****
28751,2875*,287**,28***,2****,*****
28752,2875*,287**,28***,2****,*****
28753,2875*,287**,28***,2****,*****
28754,2875*,287**,28***,2****,*****
28756,2875*,287**,28***,2****,*****
28757,2875*,287**,28***,2****,*****
28759,2875*,287**,28***,2****,*****
28761,2876*,287**,28***,2****,*****
28762,2876*,287**,28***,2****,*****
28763,2876*,287**,28***,2****,*****
28765,2876*,287**,28***,2****,*****
28766,2876*,287**,28***,2****,*****
28768,2876*,287**,28***,2****,*****
28770,2877*,287**,28***,2****,*****
28771,2877*,287**,28***,2****,*****
28772,2877*,287**,28***,2****,*****
28773,2877*,287**,28***,2****,*****
28774,2877*,287**,28***,2****,*****
28775,2877*,287**,28***,2****,*****
28777,2877*,287**,28***,2****,*****
28778,2877*,287**,28***,2****,*****
28779,2877*,287**,28***,2****,*****
28781,2878*,287**,28***,2****,*****
28782,2878*,287**,28***,2****,*****
28783,2878*,287**,28***,2****,*****
28785,2878*,287**,28***,2****,*****
28786,2878*,287**,28***,2****,*****
28787,2878*,287**,28***,2****,*****
28788,2878*,287**,28***,2****,*****
28789,2878*,287**,28***,2****,*****
28790,2879*,287**,28***,2****,*****
28791,2879*,287**,28***,2****,*****
28792,2879*,287**,28***,2****,*****
28801,2880*,288**,28***,2****,*****
28803,2880*,288**,28***,2****,*****
28804,2880*,288**,28***,2****,*****
28805,2880*,288**,28***,2****,*****
28806,2880*,288**,28***,2****,*****
28901,2890*,289**,28***,2****,*****
28902,2890*,289**,28***,2****,*****
28904,2890*,289**,28***,2****,*****
28905,2890*,289**,28***,2****,*****
28906,2890*,289**,28***,2****,*****
28909,2890*,289**,28***,2****,*****
30546,3054*,305**,30***,3****,*****
37821,3782*,378**,37***,3****,*****
